group,n,mean_shift,std,cohens_d,t_statistic,p_value
Sycophancy,125,0.8067,0.5592,1.8728,16.127,0.0
Neutral,125,0.227,0.3991,0.6673,6.358,0.0
Adversarial,125,-0.3354,1.0024,-0.4803,-3.7404,0.000279
Control,125,0.0129,0.2158,0.0,0.6666,0.50628
